seed,policy,budget,tail_weight,n,review_fraction,selective_accuracy,mean_cost,cvar90,severe_error_capture,severe_errors_before_review,severe_errors_remaining,weighted_error_capture
17,random,0.0,,15634,0.0,0.8900473327363438,0.19438403479595753,1.844313675323014,0.0,136,136,0.0
17,random,0.05,,15634,0.04995522578994499,0.8896519221706053,0.18664449277216325,1.8180887808622235,0.022058823529411766,136,133,0.03981572885817703
17,random,0.1,,15634,0.09997441473711143,0.8898443607419515,0.17609057183062557,1.760905718306256,0.08088235294117647,136,125,0.09410990457387299
17,random,0.2,,15634,0.19994882947422285,0.889350815478094,0.15395931943200716,1.539593194320072,0.22794117647058823,136,105,0.2079631457716354
17,random,0.3,,15634,0.2999872073685557,0.8900767543859649,0.1342586670078035,1.3425866700780353,0.3235294117647059,136,92,0.30931227377426784
17,random,0.4,,15634,0.39996162210566716,0.8906299968020467,0.11276704618139952,1.1276704618139954,0.4485294117647059,136,75,0.4198749588680487
17,entropy,0.0,,15634,0.0,0.8900473327363438,0.19438403479595753,1.844313675323014,0.0,136,136,0.0
17,entropy,0.05,,15634,0.04995522578994499,0.9086379855921363,0.14877830369707049,1.4877830369707052,0.2867647058823529,136,97,0.23461665021388614
17,entropy,0.1,,15634,0.09997441473711143,0.9256627105394073,0.11564538825636433,1.1564538825636437,0.4411764705882353,136,76,0.40506745640013164
17,entropy,0.2,,15634,0.19994882947422285,0.9529101375119923,0.06127670461813995,0.6127670461813997,0.7279411764705882,136,37,0.6847647252385654
17,entropy,0.3,,15634,0.2999872073685557,0.9695723684210527,0.031533836510170145,0.3153383651017015,0.8823529411764706,136,16,0.8377755840737084
17,entropy,0.4,,15634,0.39996162210566716,0.9780407206054792,0.019061020851989255,0.19061020851989258,0.9411764705882353,136,8,0.9019414281013491
17,single_model_risk,0.0,,15634,0.0,0.8900473327363438,0.19438403479595753,1.844313675323014,0.0,136,136,0.0
17,single_model_risk,0.05,,15634,0.04995522578994499,0.905069682892345,0.15159268261481387,1.5159268261481391,0.27941176470588236,136,98,0.22013820335636722
17,single_model_risk,0.1,,15634,0.09997441473711143,0.9196219174188046,0.1185876934885506,1.1858769348855063,0.4632352941176471,136,73,0.3899308983218164
17,single_model_risk,0.2,,15634,0.19994882947422285,0.9422769427566358,0.0703594729435845,0.7035947294358451,0.7058823529411765,136,40,0.638038828562027
17,single_model_risk,0.3,,15634,0.2999872073685557,0.9539473684210527,0.043175131124472306,0.43175131124472316,0.875,136,17,0.7778874629812438
17,single_model_risk,0.4,,15634,0.39996162210566716,0.9618377571687453,0.027887936548548035,0.2788793654854804,0.9411764705882353,136,8,0.8565317538664035
17,l2d_single_head,0.0,,15634,0.0,0.8866572854036076,0.18965076116157092,1.7630804656517847,0.0,121,121,0.0
17,l2d_single_head,0.05,,15634,0.04995522578994499,0.8983370362889652,0.1554304720481003,1.5543047204810032,0.2396694214876033,121,92,0.18043844856661045
17,l2d_single_head,0.1,,15634,0.09997441473711143,0.9118754885935613,0.12402456185237304,1.2402456185237307,0.4297520661157025,121,69,0.34603709949409783
17,l2d_single_head,0.2,,15634,0.19994882947422285,0.9309242085065558,0.08577459383395164,0.8577459383395166,0.6115702479338843,121,47,0.5477234401349073
17,l2d_single_head,0.3,,15634,0.2999872073685557,0.9448099415204678,0.05558398362543175,0.5558398362543177,0.7768595041322314,121,27,0.7069139966273187
17,l2d_single_head,0.4,,15634,0.39996162210566716,0.954695661443343,0.03575540488678521,0.3575540488678522,0.8842975206611571,121,14,0.8114671163575042
17,moe_mean,0.0,,15634,0.0,0.8866572854036076,0.1927209927082001,1.7937827811180762,0.0,129,129,0.0
17,moe_mean,0.05,,15634,0.04995522578994499,0.9024439507170269,0.1529359089164641,1.5293590891646416,0.24031007751937986,129,98,0.20643876535014935
17,moe_mean,0.1,,15634,0.09997441473711143,0.9205458034254851,0.11391838301138545,1.1391838301138546,0.4806201550387597,129,67,0.40889478924659806
17,moe_mean,0.2,,15634,0.19994882947422285,0.9414774544291653,0.06997569400025586,0.6997569400025587,0.7054263565891473,129,38,0.6369067374709592
17,moe_mean,0.3,,15634,0.2999872073685557,0.9538559941520468,0.04279135218114366,0.4279135218114367,0.875968992248062,129,16,0.7779621639561899
17,moe_mean,0.4,,15634,0.39996162210566716,0.9625839462743844,0.02820775233465524,0.28207752334655245,0.9224806201550387,129,10,0.8536342515765019
17,moe_tail,0.0,,15634,0.0,0.8795573749520277,0.18229499808110528,1.6185237303313293,0.0,99,99,0.0
17,moe_tail,0.05,,15634,0.04995522578994499,0.8903251868309432,0.14238198797492643,1.3818600486119996,0.3838383838383838,99,61,0.21894736842105264
17,moe_tail,0.1,,15634,0.09997441473711143,0.8987989481913154,0.12005884610464372,1.2005884610464375,0.5252525252525253,99,47,0.3414035087719298
17,moe_tail,0.2,,15634,0.19994882947422285,0.9110968979852894,0.08641422540616604,0.8641422540616607,0.7474747474747475,99,25,0.5259649122807017
17,moe_tail,0.3,,15634,0.2999872073685557,0.9240679824561403,0.061340667775361395,0.613406677753614,0.8585858585858586,99,14,0.6635087719298246
17,moe_tail,0.4,,15634,0.39996162210566716,0.9368937213516683,0.0425354995522579,0.4253549955225791,0.9090909090909091,99,9,0.7666666666666667
17,calibrated_tail,0.0,0.0,15634,0.0,0.8866572854036076,0.1927209927082001,1.7937827811180762,0.0,129,129,0.0
17,calibrated_tail,0.05,0.0,15634,0.04995522578994499,0.9024439507170269,0.1529359089164641,1.5293590891646416,0.24031007751937986,129,98,0.20643876535014935
17,calibrated_tail,0.1,0.0,15634,0.09997441473711143,0.9205458034254851,0.11391838301138545,1.1391838301138546,0.4806201550387597,129,67,0.40889478924659806
17,calibrated_tail,0.2,0.0,15634,0.19994882947422285,0.9414774544291653,0.06997569400025586,0.6997569400025587,0.7054263565891473,129,38,0.6369067374709592
17,calibrated_tail,0.3,0.0,15634,0.2999872073685557,0.9538559941520468,0.04279135218114366,0.4279135218114367,0.875968992248062,129,16,0.7779621639561899
17,calibrated_tail,0.4,0.0,15634,0.39996162210566716,0.9625839462743844,0.02820775233465524,0.28207752334655245,0.9224806201550387,129,10,0.8536342515765019
42,random,0.0,,15634,0.0,0.8900473327363438,0.19438403479595753,1.844313675323014,0.0,136,136,0.0
42,random,0.05,,15634,0.04995522578994499,0.8912677573554164,0.18229499808110528,1.7899449916847898,0.0661764705882353,136,127,0.06219151036525173
42,random,0.1,,15634,0.09997441473711143,0.8903418378224718,0.17513112447230395,1.75131124472304,0.08088235294117647,136,125,0.09904573872984535
42,random,0.2,,15634,0.19994882947422285,0.8904700991365526,0.1571574772930792,1.5715747729307923,0.16911764705882354,136,113,0.19151036525172754
42,random,0.3,,15634,0.2999872073685557,0.8887061403508771,0.14014327747217603,1.4014327747217605,0.2426470588235294,136,103,0.27903915761763737
42,random,0.4,,15634,0.39996162210566716,0.8879650357104786,0.11826787770244339,1.1826787770244342,0.39705882352941174,136,82,0.39157617637380715
42,entropy,0.0,,15634,0.0,0.8900473327363438,0.19438403479595753,1.844313675323014,0.0,136,136,0.0
42,entropy,0.05,,15634,0.04995522578994499,0.9086379855921363,0.14877830369707049,1.4877830369707052,0.2867647058823529,136,97,0.23461665021388614
42,entropy,0.1,,15634,0.09997441473711143,0.9256627105394073,0.11564538825636433,1.1564538825636437,0.4411764705882353,136,76,0.40506745640013164
42,entropy,0.2,,15634,0.19994882947422285,0.9529101375119923,0.06127670461813995,0.6127670461813997,0.7279411764705882,136,37,0.6847647252385654
42,entropy,0.3,,15634,0.2999872073685557,0.9695723684210527,0.031533836510170145,0.3153383651017015,0.8823529411764706,136,16,0.8377755840737084
42,entropy,0.4,,15634,0.39996162210566716,0.9780407206054792,0.019061020851989255,0.19061020851989258,0.9411764705882353,136,8,0.9019414281013491
42,single_model_risk,0.0,,15634,0.0,0.8900473327363438,0.19438403479595753,1.844313675323014,0.0,136,136,0.0
42,single_model_risk,0.05,,15634,0.04995522578994499,0.905069682892345,0.1419982090315978,1.4199820903159783,0.4117647058823529,136,80,0.2694965449160908
42,single_model_risk,0.1,,15634,0.09997441473711143,0.9211143486603653,0.1057950620442625,1.0579506204426252,0.6176470588235294,136,52,0.45574202040144784
42,single_model_risk,0.2,,15634,0.19994882947422285,0.9437959705788296,0.062044262504797235,0.6204426250479725,0.8014705882352942,136,27,0.6808160579137874
42,single_model_risk,0.3,,15634,0.2999872073685557,0.9544042397660819,0.03997697326340028,0.3997697326340029,0.8970588235294118,136,14,0.7943402435011517
42,single_model_risk,0.4,,15634,0.39996162210566716,0.9593859929645027,0.02871945759242676,0.28719457592426767,0.9411764705882353,136,8,0.8522540309312274
42,l2d_single_head,0.0,,15634,0.0,0.8878725853908149,0.18971472431879238,1.7758730970960728,0.0,123,123,0.0
42,l2d_single_head,0.05,,15634,0.04995522578994499,0.9000201979398101,0.14890623001151337,1.489062300115134,0.3252032520325203,123,83,0.21510451786918408
42,l2d_single_head,0.1,,15634,0.09997441473711143,0.9105251936607206,0.1269668670845593,1.2696686708455933,0.4146341463414634,123,72,0.33074848280512475
42,l2d_single_head,0.2,,15634,0.19994882947422285,0.9295650783498561,0.08404758858897275,0.8404758858897277,0.6666666666666666,123,41,0.5569790964261632
42,l2d_single_head,0.3,,15634,0.2999872073685557,0.9416118421052632,0.059997441473711145,0.5999744147371115,0.7479674796747967,123,31,0.6837491571139582
42,l2d_single_head,0.4,,15634,0.39996162210566716,0.9513911096897986,0.041384162722271974,0.41384162722271983,0.8292682926829268,123,21,0.7818610923803102
42,moe_mean,0.0,,15634,0.0,0.880324932838685,0.1929128821798644,1.7323781501854933,0.0,115,115,0.0
42,moe_mean,0.05,,15634,0.04995522578994499,0.8983370362889652,0.14212613534604068,1.421261353460407,0.391304347826087,115,70,0.26326259946949604
42,moe_mean,0.1,,15634,0.09997441473711143,0.9172766683249236,0.1072022515031342,1.0720225150313423,0.5652173913043478,115,50,0.4442970822281167
42,moe_mean,0.2,,15634,0.19994882947422285,0.9413975055964183,0.0626199309197902,0.6261993091979021,0.7913043478260869,115,24,0.6753978779840849
42,moe_mean,0.3,,15634,0.2999872073685557,0.9519371345029239,0.04183190482282206,0.41831904822822064,0.8782608695652174,115,14,0.78315649867374
42,moe_mean,0.4,,15634,0.39996162210566716,0.9575738194222364,0.0287834207496482,0.2878342074964821,0.9478260869565217,115,6,0.8507957559681698
42,moe_tail,0.0,,15634,0.0,0.879749264423692,0.18894716643213508,1.6869643085582706,0.0,108,108,0.0
42,moe_tail,0.05,,15634,0.04995522578994499,0.8924123072779909,0.1459639247793271,1.4375079953946528,0.3888888888888889,108,66,0.22748815165876776
42,moe_tail,0.1,,15634,0.09997441473711143,0.9027787648354773,0.1159012408852501,1.1590124088525011,0.6111111111111112,108,42,0.3865944482058226
42,moe_tail,0.2,,15634,0.19994882947422285,0.9147745442916534,0.0827043622873225,0.8270436228732252,0.7685185185185185,108,25,0.5622884224779959
42,moe_tail,0.3,,15634,0.2999872073685557,0.9254385964912281,0.059165920429832417,0.5916592042983243,0.8796296296296297,108,13,0.6868652674339878
42,moe_tail,0.4,,15634,0.39996162210566716,0.9343353587037629,0.04330305743891519,0.43303057438915193,0.9351851851851852,108,7,0.7708192281651998
42,calibrated_tail,0.0,0.0,15634,0.0,0.880324932838685,0.1929128821798644,1.7323781501854933,0.0,115,115,0.0
42,calibrated_tail,0.05,0.0,15634,0.04995522578994499,0.8983370362889652,0.14212613534604068,1.421261353460407,0.391304347826087,115,70,0.26326259946949604
42,calibrated_tail,0.1,0.0,15634,0.09997441473711143,0.9172766683249236,0.1072022515031342,1.0720225150313423,0.5652173913043478,115,50,0.4442970822281167
42,calibrated_tail,0.2,0.0,15634,0.19994882947422285,0.9413975055964183,0.0626199309197902,0.6261993091979021,0.7913043478260869,115,24,0.6753978779840849
42,calibrated_tail,0.3,0.0,15634,0.2999872073685557,0.9519371345029239,0.04183190482282206,0.41831904822822064,0.8782608695652174,115,14,0.78315649867374
42,calibrated_tail,0.4,0.0,15634,0.39996162210566716,0.9575738194222364,0.0287834207496482,0.2878342074964821,0.9478260869565217,115,6,0.8507957559681698
73,random,0.0,,15634,0.0,0.8900473327363438,0.19438403479595753,1.844313675323014,0.0,136,136,0.0
73,random,0.05,,15634,0.04995522578994499,0.8893152898404363,0.1854931559421773,1.8033772547012923,0.058823529411764705,136,128,0.04573872984534386
73,random,0.1,,15634,0.09997441473711143,0.888707270272191,0.1762824613022899,1.7611615709351416,0.10294117647058823,136,122,0.09312273774267851
73,random,0.2,,15634,0.19994882947422285,0.8892708666453469,0.15600614046309325,1.560061404630933,0.20588235294117646,136,108,0.19743336623889438
73,random,0.3,,15634,0.2999872073685557,0.8885233918128655,0.13515415120890367,1.351541512089037,0.33088235294117646,136,91,0.30470549522869367
73,random,0.4,,15634,0.39996162210566716,0.8872188466048395,0.11807598823077907,1.180759882307791,0.4117647058823529,136,80,0.39256334320500164
73,entropy,0.0,,15634,0.0,0.8900473327363438,0.19438403479595753,1.844313675323014,0.0,136,136,0.0
73,entropy,0.05,,15634,0.04995522578994499,0.9086379855921363,0.14877830369707049,1.4877830369707052,0.2867647058823529,136,97,0.23461665021388614
73,entropy,0.1,,15634,0.09997441473711143,0.9256627105394073,0.11564538825636433,1.1564538825636437,0.4411764705882353,136,76,0.40506745640013164
73,entropy,0.2,,15634,0.19994882947422285,0.9529101375119923,0.06127670461813995,0.6127670461813997,0.7279411764705882,136,37,0.6847647252385654
73,entropy,0.3,,15634,0.2999872073685557,0.9695723684210527,0.031533836510170145,0.3153383651017015,0.8823529411764706,136,16,0.8377755840737084
73,entropy,0.4,,15634,0.39996162210566716,0.9780407206054792,0.019061020851989255,0.19061020851989258,0.9411764705882353,136,8,0.9019414281013491
73,single_model_risk,0.0,,15634,0.0,0.8900473327363438,0.19438403479595753,1.844313675323014,0.0,136,136,0.0
73,single_model_risk,0.05,,15634,0.04995522578994499,0.9053389887564802,0.1435972879621338,1.4359728796213385,0.375,136,85,0.2612701546561369
73,single_model_risk,0.1,,15634,0.09997441473711143,0.9193376448013645,0.11340667775361392,1.1340667775361395,0.5294117647058824,136,64,0.4165844027640671
73,single_model_risk,0.2,,15634,0.19994882947422285,0.9438759194115766,0.06441089932199054,0.6441089932199054,0.7720588235294118,136,31,0.6686410003290556
73,single_model_risk,0.3,,15634,0.2999872073685557,0.9565972222222222,0.03856978380452859,0.385697838045286,0.8970588235294118,136,14,0.8015794669299111
73,single_model_risk,0.4,,15634,0.39996162210566716,0.9648225135913016,0.024433926058590252,0.24433926058590258,0.9558823529411765,136,6,0.8743007568279039
73,l2d_single_head,0.0,,15634,0.0,0.8866572854036076,0.19284891902264295,1.795062044262505,0.0,127,127,0.0
73,l2d_single_head,0.05,,15634,0.04995522578994499,0.9010974213963509,0.1533836510170142,1.5338365101701423,0.25196850393700787,127,95,0.20464344941956883
73,l2d_single_head,0.1,,15634,0.09997441473711143,0.9156421007746429,0.12178585134962262,1.2178585134962265,0.4094488188976378,127,75,0.36849087893864013
73,l2d_single_head,0.2,,15634,0.19994882947422285,0.9366805244643428,0.07419726237687092,0.7419726237687094,0.7007874015748031,127,38,0.615257048092869
73,l2d_single_head,0.3,,15634,0.2999872073685557,0.9488304093567251,0.04758858897275169,0.47588588972751705,0.84251968503937,127,20,0.7532338308457711
73,l2d_single_head,0.4,,15634,0.39996162210566716,0.9567210318729347,0.03230139439682743,0.3230139439682744,0.9133858267716536,127,11,0.8325041459369817
73,moe_mean,0.0,,15634,0.0,0.8840987591147499,0.18913905590379942,1.7323781501854933,0.0,119,119,0.0
73,moe_mean,0.05,,15634,0.04995522578994499,0.9004914832020467,0.14295765638991942,1.4295765638991944,0.35294117647058826,119,77,0.24416638484950964
73,moe_mean,0.1,,15634,0.09997441473711143,0.9152156918484827,0.11123193040808495,1.1123193040808497,0.5462184873949579,119,54,0.41190395671288466
73,moe_mean,0.2,,15634,0.19994882947422285,0.9420370962583946,0.06370730459255469,0.637073045925547,0.773109243697479,119,27,0.663172133919513
73,moe_mean,0.3,,15634,0.2999872073685557,0.9541301169590644,0.04093642062172189,0.409364206217219,0.865546218487395,119,16,0.7835644234020968
73,moe_mean,0.4,,15634,0.39996162210566716,0.9621575524997336,0.02532941025969042,0.25329410259690427,0.957983193277311,119,5,0.8660804869800474
73,moe_tail,0.0,,15634,0.0,0.8807087117820136,0.18645260330049893,1.6716131508251248,0.0,108,108,0.0
73,moe_tail,0.05,,15634,0.04995522578994499,0.8924123072779909,0.14270180376103364,1.4048867852117182,0.4351851851851852,108,61,0.2346483704974271
73,moe_tail,0.1,,15634,0.09997441473711143,0.9012152654395565,0.11500575668414993,1.1500575668414996,0.6481481481481481,108,38,0.3831903945111492
73,moe_tail,0.2,,15634,0.19994882947422285,0.9156539814518708,0.08020979915568632,0.8020979915568635,0.7870370370370371,108,23,0.569811320754717
73,moe_tail,0.3,,15634,0.2999872073685557,0.9299159356725146,0.055008315210438787,0.550083152104388,0.8981481481481481,108,11,0.7049742710120068
73,moe_tail,0.4,,15634,0.39996162210566716,0.940837863767189,0.03767429960342843,0.37674299603428435,0.9629629629629629,108,4,0.7979416809605488
73,calibrated_tail,0.0,0.0,15634,0.0,0.8840987591147499,0.18913905590379942,1.7323781501854933,0.0,119,119,0.0
73,calibrated_tail,0.05,0.0,15634,0.04995522578994499,0.9004914832020467,0.14295765638991942,1.4295765638991944,0.35294117647058826,119,77,0.24416638484950964
73,calibrated_tail,0.1,0.0,15634,0.09997441473711143,0.9152156918484827,0.11123193040808495,1.1123193040808497,0.5462184873949579,119,54,0.41190395671288466
73,calibrated_tail,0.2,0.0,15634,0.19994882947422285,0.9420370962583946,0.06370730459255469,0.637073045925547,0.773109243697479,119,27,0.663172133919513
73,calibrated_tail,0.3,0.0,15634,0.2999872073685557,0.9541301169590644,0.04093642062172189,0.409364206217219,0.865546218487395,119,16,0.7835644234020968
73,calibrated_tail,0.4,0.0,15634,0.39996162210566716,0.9621575524997336,0.02532941025969042,0.25329410259690427,0.957983193277311,119,5,0.8660804869800474
